"","Name","Number_Of_Rentals"
"1","Eleanor Hunt",46
"2","Karl Seal",44
"3","Marcia Dean",42
"4","Clara Shaw",42
"5","Tammy Sanders",41
"6","Sue Peters",40
"7","Elizabeth Brown",38
"8","Tim Cary",38
"9","Tommy Collazo",38
"10","Marion Snyder",38
"11","Daisy Bates",38
"12","Wesley Bull",38
"13","Rhonda Kennedy",38
"14","June Carroll",37
"15","Curtis Irby",37
"16","Marsha Douglas",37
"17","Justin Ngo",36
"18","Margie Wade",36
"19","Angela Hernandez",36
"20","Elsie Kelley",36
"21","Diane Collins",35
"22","Russell Brinson",35
"23","Alexander Fennell",35
"24","Lois Butler",35
"25","Naomi Jennings",35
"26","Rosemary Schmidt",35
"27","Brandon Huey",35
"28","Leslie Seward",35
"29","Minnie Romero",34
"30","Roger Quintanilla",34
"31","Hazel Warren",34
"32","Heidi Larson",34
"33","Morris Mccarter",34
"34","Mike Way",34
"35","Priscilla Lowe",34
"36","Regina Berry",34
"37","Gertrude Castillo",34
"38","Joanne Robertson",34
"39","Louis Leone",34
"40","Ralph Madrigal",34
"41","Martha Gonzalez",34
"42","Alma Austin",34
"43","Jessica Hall",34
"44","Janice Ward",34
"45","Bobby Boudreau",34
"46","Jorge Olivares",34
"47","Harry Arce",34
"48","Jessie Milam",33
"49","Carrie Porter",33
"50","Billy Poulin",33
"51","Warren Sherrod",33
"52","Arnold Havens",33
"53","Grace Ellis",33
"54","Shawn Heaton",33
"55","Casey Mena",33
"56","Steve Mackenzie",33
"57","Alex Gresham",33
"58","Stacey Montgomery",33
"59","Bernice Willis",33
"60","Alice Stewart",33
"61","Sherri Rhodes",33
"62","Crystal Ford",33
"63","Jacqueline Long",33
"64","Brett Cornwell",33
"65","Catherine Campbell",33
"66","Michelle Clark",33
"67","Joy George",33
"68","Javier Elrod",32
"69","Cynthia Young",32
"70","Ana Bradley",32
"71","Maria Miller",32
"72","Sherry Marshall",32
"73","Debbie Reyes",32
"74","Maxine Silva",32
"75","Guy Brownlee",32
"76","Virginia Green",32
"77","Olga Jimenez",32
"78","Ethel Webb",32
"79","Leroy Bustamante",32
"80","Nathan Runyon",32
"81","Charles Kowalski",32
"82","Nicholas Barfield",32
"83","Sara Perry",32
"84","Marjorie Tucker",32
"85","Judith Cox",32
"86","Frank Waggoner",32
"87","Mitchell Westmoreland",32
"88","Julia Flores",32
"89","Sylvia Ortiz",32
"90","Gordon Allard",32
"91","Barry Lovelace",32
"92","Jim Rea",32
"93","Arthur Simpkins",32
"94","Ramon Choate",31
"95","Dianne Shelton",31
"96","Harold Martino",31
"97","John Farnsworth",31
"98","Ella Oliver",31
"99","Darlene Rose",31
"100","Tom Milner",31
"101","Neil Renner",31
"102","Lawrence Lawton",31
"103","Tanya Gilbert",31
"104","Dave Gardiner",31
"105","Veronica Stone",31
"106","Zachary Hite",31
"107","Glenda Frazier",31
"108","Tonya Chapman",31
"109","Gladys Hamilton",31
"110","Philip Causey",31
"111","Lori Wood",31
"112","Melissa King",31
"113","Angel Barclay",31
"114","Jeffery Pinson",31
"115","Viola Hanson",31
"116","Lena Jensen",31
"117","Patrick Newsom",31
"118","Christopher Greco",31
"119","Sally Pierce",31
"120","Carole Barnett",30
"121","Joseph Joy",30
"122","Violet Rodriquez",30
"123","Matthew Mahan",30
"124","Walter Perryman",30
"125","Leonard Schofield",30
"126","Mae Fletcher",30
"127","Rosa Reynolds",30
"128","Wendy Harrison",30
"129","Kristin Johnston",30
"130","Mary Smith",30
"131","Greg Robins",30
"132","Marcus Hidalgo",30
"133","Geraldine Perkins",30
"134","Troy Quigley",30
"135","Salvador Teel",30
"136","Jeff East",30
"137","Helen Harris",30
"138","Monica Hicks",30
"139","Heather Morris",30
"140","Florence Woods",30
"141","Stanley Scroggins",30
"142","Terrence Gunderson",30
"143","Holly Fox",30
"144","Michele Grant",30
"145","James Gannon",30
"146","Christy Vargas",30
"147","Joshua Mark",30
"148","Theodore Culp",30
"149","Kathy James",30
"150","Shirley Allen",30
"151","Ryan Salisbury",30
"152","Courtney Day",30
"153","Roberto Vu",30
"154","Craig Morrell",30
"155","George Linton",30
"156","Juanita Mason",30
"157","Sharon Robinson",30
"158","Kyle Spurlock",30
"159","Jennie Terry",29
"160","Ramona Hale",29
"161","Marilyn Ross",29
"162","Erik Guillen",29
"163","Jaime Nettles",29
"164","Vickie Brewer",29
"165","Tracy Cole",29
"166","Terry Carlson",29
"167","Jerry Jordon",29
"168","Herman Devore",29
"169","Ted Breaux",29
"170","Clyde Tobias",29
"171","Marc Outlaw",29
"172","Ronald Weiner",29
"173","Sarah Lewis",29
"174","Isaac Oglesby",29
"175","Dana Hart",29
"176","Manuel Murrell",29
"177","Cassandra Walters",29
"178","Gerald Fultz",29
"179","Duane Tubbs",29
"180","Jimmy Schrader",29
"181","Terrance Roush",29
"182","Jamie Rice",29
"183","Amy Lopez",29
"184","Julie Sanchez",29
"185","Wanda Patterson",29
"186","Clarence Gamez",29
"187","Mabel Holland",29
"188","Jordan Archuleta",29
"189","Nina Soto",29
"190","Miguel Betancourt",29
"191","Hilda Hopkins",29
"192","Gloria Cook",29
"193","Marion Ocampo",29
"194","Roy Whiting",29
"195","Deborah Walker",29
"196","Byron Box",28
"197","Becky Miles",28
"198","Alvin Deloach",28
"199","Dennis Gilman",28
"200","Felicia Sutton",28
"201","Debra Nelson",28
"202","Theresa Watson",28
"203","Sandra Martin",28
"204","Betty White",28
"205","Lynn Payne",28
"206","Ellen Simpson",28
"207","Everett Banda",28
"208","Reginald Kinder",28
"209","Michael Silverman",28
"210","Tina Simmons",28
"211","Teresa Rogers",28
"212","Enrique Forsythe",28
"213","Andre Rapp",28
"214","Derek Blakely",28
"215","Bill Gavin",28
"216","Julian Vest",28
"217","Nathaniel Adam",28
"218","Nora Herrera",28
"219","Patsy Davidson",28
"220","Cathy Spencer",28
"221","Joe Gilliland",28
"222","Joyce Edwards",28
"223","Kristina Chambers",28
"224","Mario Cheatham",28
"225","Tracy Herrmann",28
"226","Jeremy Hurtado",28
"227","Evelyn Morgan",28
"228","Bryan Hardison",28
"229","Brittany Riley",28
"230","Lucille Holmes",28
"231","Gilbert Sledge",28
"232","Cindy Fisher",28
"233","Todd Tan",28
"234","Raymond Mcwhorter",28
"235","Clifford Bowens",28
"236","Gina Williamson",28
"237","Carolyn Perez",28
"238","Sonia Gregory",28
"239","Audrey Ray",28
"240","Jane Bennett",28
"241","Bessie Morrison",28
"242","Steven Curley",28
"243","Ian Still",27
"244","Allison Stanley",27
"245","Karen Jackson",27
"246","Victoria Gibson",27
"247","Gene Sanborn",27
"248","Andrew Purdy",27
"249","Misty Lambert",27
"250","Esther Crawford",27
"251","Patricia Johnson",27
"252","Eric Robert",27
"253","Ruby Washington",27
"254","Earl Shanks",27
"255","Nancy Thomas",27
"256","Martin Bales",27
"257","Pauline Henry",27
"258","Jimmie Eggleston",27
"259","Thelma Murray",27
"260","Ross Grey",27
"261","Amber Dixon",27
"262","Diana Alexander",27
"263","Clifton Malcolm",27
"264","Jenny Castro",27
"265","Dean Sauer",27
"266","Eddie Tomlin",27
"267","Velma Lucas",27
"268","Bradley Motley",27
"269","Megan Palmer",27
"270","Janet Phillips",27
"271","Jeanne Lawson",27
"272","Stephen Qualls",27
"273","Virgil Wofford",27
"274","Brandy Graves",27
"275","Ken Prewitt",27
"276","Tracey Barrett",26
"277","Josephine Gomez",26
"278","Valerie Black",26
"279","Kent Arsenault",26
"280","Francis Sikes",26
"281","Rene Mcalister",26
"282","Dale Ratcliff",26
"283","Erin Dunn",26
"284","Carla Gutierrez",26
"285","Denise Kelly",26
"286","Keith Rico",26
"287","Howard Fortner",26
"288","Kathryn Coleman",26
"289","Beatrice Arnold",26
"290","Shelly Watts",26
"291","Glen Talbert",26
"292","Edna West",26
"293","Jessie Banks",26
"294","Gabriel Harder",26
"295","Cheryl Murphy",26
"296","Jesse Schilling",26
"297","Ivan Cromwell",26
"298","Alfred Casillas",26
"299","Deanna Byrd",26
"300","Hector Poindexter",26
"301","Charlene Alvarez",26
"302","Marie Turner",26
"303","Brenda Wright",26
"304","Linda Williams",26
"305","Terri Vasquez",26
"306","Willie Howell",26
"307","Miriam Mckinney",26
"308","Larry Thrasher",26
"309","Kathleen Adams",26
"310","Yolanda Weaver",26
"311","Georgia Jacobs",26
"312","Amanda Carter",26
"313","Jennifer Davis",26
"314","Norman Currier",26
"315","Micheal Forman",26
"316","Phillip Holm",26
"317","Lee Hawks",26
"318","Clayton Barbee",26
"319","Randy Gaither",26
"320","Renee Lane",26
"321","Rick Mattox",26
"322","William Satterfield",26
"323","Jason Morrissey",26
"324","Alan Kahn",26
"325","Edward Baugh",26
"326","Arlene Harvey",26
"327","Maurice Crawley",26
"328","Mark Rinehart",26
"329","Marlene Welch",26
"330","Daryl Larue",26
"331","Jean Bell",26
"332","Dustin Gillette",26
"333","Dawn Sullivan",26
"334","Jay Robb",26
"335","David Royal",26
"336","Sergio Stanfield",26
"337","Jamie Waugh",25
"338","Kimberly Lee",25
"339","Edgar Rhoads",25
"340","Cecil Vines",25
"341","Freddie Duggan",25
"342","Claudia Fuller",25
"343","Milton Howland",25
"344","Carmen Owens",25
"345","Chad Carbone",25
"346","Judy Gray",25
"347","Brad Mccurdy",25
"348","Lucy Wheeler",25
"349","Gwendolyn May",25
"350","Douglas Graf",25
"351","Sidney Burleson",25
"352","Jackie Lynch",25
"353","Willie Markham",25
"354","Tamara Nguyen",25
"355","Fred Wheat",25
"356","Constance Reid",25
"357","Beth Franklin",25
"358","Dorothy Taylor",25
"359","Eduardo Hiatt",25
"360","Bertha Ferguson",25
"361","Don Bone",25
"362","Billie Horton",25
"363","Melvin Ellington",25
"364","Seth Hannon",25
"365","Vicki Fields",25
"366","Clinton Buford",25
"367","Ronnie Ricketts",25
"368","Mildred Bailey",25
"369","April Burns",25
"370","Ashley Richardson",25
"371","Fernando Churchill",25
"372","Louise Jenkins",25
"373","Kelly Knott",25
"374","Erika Pena",25
"375","Ben Easter",25
"376","Ricky Shelby",25
"377","Gary Coy",25
"378","Charlie Bess",25
"379","Scott Shelley",25
"380","Thomas Grigsby",25
"381","Lillian Griffin",25
"382","Danielle Daniels",25
"383","Stephanie Mitchell",25
"384","Jose Andrew",25
"385","Gail Knight",25
"386","Elmer Noe",25
"387","Dolores Wagner",25
"388","Jesus Mccartney",24
"389","Leah Curtis",24
"390","Annette Olson",24
"391","Peggy Myers",24
"392","Pedro Chestnut",24
"393","Cory Meehan",24
"394","Myrtle Fleming",24
"395","Elaine Stevens",24
"396","Rebecca Scott",24
"397","Christian Jung",24
"398","Bob Pfeiffer",24
"399","Rita Graham",24
"400","Lydia Burke",24
"401","Colleen Burton",24
"402","Andy Vanhorn",24
"403","Claude Herzog",24
"404","Jack Foust",24
"405","Bobbie Craig",24
"406","Travis Estep",24
"407","Lisa Anderson",24
"408","Vincent Ralston",24
"409","Jon Wiles",24
"410","Melanie Armstrong",24
"411","Robin Hayes",24
"412","Sam Mcduffie",24
"413","Wallace Slone",24
"414","Suzanne Nichols",24
"415","Shannon Freeman",24
"416","Perry Swafford",24
"417","Victor Barkley",24
"418","Tyrone Asher",24
"419","Leon Bostic",24
"420","Darrell Power",24
"421","Max Pitt",24
"422","Charlotte Hunter",24
"423","Katie Elliott",24
"424","Richard Mccrary",24
"425","Felix Gaffney",23
"426","Kurt Emmons",23
"427","Carl Artis",23
"428","Natalie Meyer",23
"429","Connie Wallace",23
"430","Phyllis Foster",23
"431","Chester Benner",23
"432","Ernest Stepp",23
"433","Christine Roberts",23
"434","Ida Andrews",23
"435","Edwin Burk",23
"436","Brent Harkins",23
"437","Jeffrey Spear",23
"438","Lillie Kim",23
"439","Stacy Cunningham",23
"440","Roberta Harper",23
"441","Leo Ebert",23
"442","Pamela Baker",23
"443","Bruce Schwarz",23
"444","Samantha Duncan",23
"445","Joel Francisco",23
"446","Anne Powell",23
"447","Juan Fraley",23
"448","Benjamin Varney",23
"449","Sean Douglass",23
"450","Agnes Bishop",23
"451","Darryl Ashcraft",23
"452","Ruth Martinez",23
"453","Darren Windham",23
"454","Irene Price",23
"455","Emily Diaz",23
"456","Emma Boyd",23
"457","Johnnie Chisholm",23
"458","Joan Cooper",23
"459","Roland South",23
"460","Aaron Selby",23
"461","Albert Crouse",23
"462","Susan Wilson",23
"463","Paul Trout",23
"464","Laurie Lawrence",23
"465","Calvin Martel",23
"466","Ron Deluca",23
"467","Vivian Ruiz",23
"468","Toni Holt",23
"469","Beverly Brooks",23
"470","Peter Menard",23
"471","Margaret Moore",23
"472","Dora Medina",22
"473","Harvey Guajardo",22
"474","Mathew Bolin",22
"475","Gregory Mauldin",22
"476","Marian Mendoza",22
"477","Adam Gooch",22
"478","Dan Paine",22
"479","Carlos Coughlin",22
"480","Mattie Hoffman",22
"481","Rachel Barnes",22
"482","Shane Millard",22
"483","Ray Houle",22
"484","Dwayne Olvera",22
"485","Pearl Garza",22
"486","Glenn Pullen",22
"487","Marshall Thorn",22
"488","Nicole Peterson",22
"489","Francisco Skidmore",22
"490","Leslie Gordon",22
"491","Barbara Jones",22
"492","Wade Delvalle",22
"493","Andrea Henderson",22
"494","Corey Hauser",22
"495","Cody Nolen",22
"496","Laura Rodriguez",22
"497","Franklin Troutman",22
"498","Chris Brothers",22
"499","Rose Howard",22
"500","Rodney Moeller",22
"501","Stella Moreno",22
"502","Donald Mahon",22
"503","Kelly Torres",22
"504","Willard Lumpkin",22
"505","Randall Neumann",22
"506","Loretta Carpenter",22
"507","Rafael Abney",21
"508","Norma Gonzales",21
"509","Marvin Yee",21
"510","Robert Baughman",21
"511","Alicia Mills",21
"512","Donna Thompson",21
"513","Yvonne Watkins",21
"514","Jacob Lance",21
"515","Nellie Garrett",21
"516","Ruben Geary",21
"517","Tony Carranza",21
"518","Carol Garcia",21
"519","Bonnie Hughes",21
"520","Frederick Isbell",21
"521","Alberto Henning",21
"522","Timothy Bunn",21
"523","Ricardo Meador",21
"524","Delores Hansen",21
"525","Armando Gruber",21
"526","Bernard Colby",21
"527","Tyler Wren",21
"528","Danny Isom",21
"529","Lorraine Stephens",21
"530","Lance Pemberton",21
"531","Julio Noland",21
"532","Doris Reed",21
"533","Jill Hawkins",21
"534","Kevin Schuler",21
"535","Anna Hill",21
"536","Erica Matthews",21
"537","Maureen Little",21
"538","Oscar Aquino",20
"539","Wilma Richards",20
"540","Lauren Hudson",20
"541","Herbert Kruger",20
"542","Hugh Waldrop",20
"543","Kay Caldwell",20
"544","Jo Fowler",20
"545","Alfredo Mcadams",20
"546","Allen Butterfield",20
"547","Tara Ryan",20
"548","Raul Fortier",20
"549","Terry Grissom",20
"550","Anthony Schwab",20
"551","Frances Parker",20
"552","Kim Cruz",20
"553","Luis Yanez",20
"554","Jeanette Greene",20
"555","Nelson Christenson",20
"556","Derrick Bourque",20
"557","Samuel Marlow",20
"558","Allan Cornish",19
"559","Vanessa Sims",19
"560","Kirk Stclair",19
"561","Lewis Lyman",19
"562","Austin Cintron",19
"563","Daniel Cabral",19
"564","Jared Ely",19
"565","Eugene Culpepper",19
"566","Johnny Turpin",19
"567","Wayne Truong",19
"568","Eva Ramos",18
"569","Sheila Wells",18
"570","Vernon Chapa",18
"571","Annie Russell",18
"572","Lonnie Tirado",18
"573","Penny Neal",18
"574","Adrian Clary",18
"575","Jonathan Scarborough",18
"576","Lloyd Dowd",18
"577","Henry Billingsley",18
"578","Paula Bryant",18
"579","Irma Pearson",18
"580","Vera Mccoy",18
"581","Edith Mcdonald",18
"582","Eileen Carr",18
"583","Kristen Chavez",18
"584","Kenneth Gooden",17
"585","Melinda Fernandez",17
"586","Christina Ramirez",17
"587","Dwight Lombardi",17
"588","Ann Evans",17
"589","Floyd Gandy",17
"590","Lester Kraus",16
"591","Antonio Meek",16
"592","Joann Gardner",16
"593","Jerome Kenyon",15
"594","Anita Morales",15
"595","Caroline Bowman",15
"596","Tiffany Jordan",14
"597","Leona Obrien",14
"598","Katherine Rivera",14
"599","Brian Wyman",12
