"","Name","Appearences"
"1","Gina Degeneres",42
"2","Walter Torn",41
"3","Mary Keitel",40
"4","Matthew Carrey",39
"5","Sandra Kilmer",37
"6","Scarlett Damon",36
"7","Angela Witherspoon",35
"8","Uma Wood",35
"9","Vivien Basinger",35
"10","Groucho Dunst",35
"11","Val Bolger",35
"12","Henry Berry",35
"13","Jayne Nolte",34
"14","Sidney Crowe",34
"15","Warren Nolte",34
"16","Angela Hudson",34
"17","Kirsten Akroyd",34
"18","Ben Willis",33
"19","Julia Mcqueen",33
"20","Renee Tracy",33
"21","Cameron Zellweger",33
"22","Kevin Garland",33
"23","Renee Ball",33
"24","Ewan Gooding",33
"25","Albert Johansson",33
"26","Rip Crawford",33
"27","Reese West",33
"28","Kenneth Torn",33
"29","Sean Guiness",33
"30","Susan Davis",33
"31","Helen Voight",32
"32","Julianne Dench",32
"33","Whoopi Hurt",32
"34","Greta Malden",32
"35","Christian Akroyd",32
"36","Reese Kilmer",32
"37","Natalie Hopkins",32
"38","Warren Jackman",32
"39","Ed Mansfield",32
"40","Harvey Hope",32
"41","Karl Berry",31
"42","Fay Winslet",31
"43","River Dean",31
"44","Russell Temple",31
"45","Woody Hoffman",31
"46","Angelina Astaire",31
"47","Minnie Zellweger",31
"48","James Pitt",31
"49","Woody Jolie",31
"50","Albert Nolte",31
"51","Ian Tandy",31
"52","Daryl Wahlberg",31
"53","Will Wilson",31
"54","Jada Ryder",31
"55","Mary Tandy",31
"56","Penelope Cronyn",31
"57","Rip Winslet",30
"58","Bela Walken",30
"59","Ray Johansson",30
"60","Cate Mcqueen",30
"61","Gregory Gooding",30
"62","Michael Bolger",30
"63","Lucille Tracy",30
"64","Vivien Bergen",30
"65","Nick Stallone",30
"66","Mena Temple",30
"67","Grace Mostel",30
"68","Daryl Crawford",30
"69","Jude Cruise",30
"70","Rock Dukakis",30
"71","Richard Penn",30
"72","Matthew Leigh",30
"73","Jayne Neeson",29
"74","Kenneth Hoffman",29
"75","Ed Guiness",29
"76","Jodie Degeneres",29
"77","Johnny Cage",29
"78","John Suvari",29
"79","Johnny Lollobrigida",29
"80","Jon Chase",29
"81","Burt Dukakis",29
"82","Alec Wayne",29
"83","Humphrey Garland",29
"84","Dan Harris",28
"85","Kim Allen",28
"86","Milla Keitel",28
"87","Cuba Olivier",28
"88","Cate Harris",28
"89","Goldie Brody",28
"90","Ralph Cruz",28
"91","Harrison Bale",28
"92","Mae Hoffman",28
"93","Olympia Pfeiffer",28
"94","Meryl Gibson",28
"95","Morgan Williams",27
"96","Jayne Silverstone",27
"97","Meg Hawke",27
"98","Chris Bridges",27
"99","Morgan Hopkins",27
"100","Anne Cronyn",27
"101","Greg Chaplin",27
"102","Audrey Bailey",27
"103","Greta Keitel",27
"104","William Hackman",27
"105","Kirsten Paltrow",27
"106","Tom Miranda",27
"107","Dustin Tautou",27
"108","Penelope Monroe",27
"109","Alan Dreyfuss",27
"110","Fred Costner",27
"111","Gene Mckellen",27
"112","Elvis Marx",26
"113","Laura Brody",26
"114","Frances Day-Lewis",26
"115","Kirk Jovovich",26
"116","Jim Mostel",26
"117","Laurence Bullock",26
"118","Gary Penn",26
"119","Geoffrey Heston",26
"120","Sean Williams",26
"121","Groucho Sinatra",26
"122","Carmen Hunt",26
"123","Al Garland",26
"124","Humphrey Willis",26
"125","Scarlett Bening",26
"126","Groucho Williams",25
"127","Joe Swank",25
"128","Gary Phoenix",25
"129","Liza Bergman",25
"130","Morgan Mcdormand",25
"131","Oprah Kilmer",25
"132","Russell Bacall",25
"133","Audrey Olivier",25
"134","Zero Cage",25
"135","Christian Neeson",25
"136","Jane Jackman",25
"137","Nick Wahlberg",25
"138","Jeff Silverstone",25
"139","Bob Fawcett",25
"140","Cuba Allen",25
"141","Tom Mckellen",25
"142","Penelope Pinkett",25
"143","Salma Nolte",25
"144","Ellen Presley",25
"145","Mena Hopper",24
"146","Lucille Dee",24
"147","Michael Bening",24
"148","Charlize Dench",24
"149","Milla Peck",24
"150","Cary Mcconaughey",24
"151","Cameron Streep",24
"152","Cuba Birch",24
"153","Dan Streep",24
"154","Burt Posey",24
"155","Parker Goldberg",24
"156","Debbie Akroyd",24
"157","Spencer Depp",24
"158","Julia Barrymore",24
"159","Jessica Bailey",23
"160","Frances Tomei",23
"161","Michelle Mcconaughey",23
"162","Ben Harris",23
"163","Lisa Monroe",23
"164","Burt Temple",23
"165","Tim Hackman",23
"166","Gene Willis",23
"167","Nick Degeneres",22
"168","Jennifer Davis",22
"169","Fay Wood",22
"170","Dan Torn",22
"171","Christian Gable",22
"172","Meryl Allen",22
"173","Adam Hopper",22
"174","Sylvester Dern",22
"175","Gene Hopkins",22
"176","Ed Chase",22
"177","Christopher West",21
"178","Kenneth Paltrow",21
"179","Kevin Bloom",21
"180","Susan Davis",21
"181","Spencer Peck",21
"182","Chris Depp",20
"183","Bette Nicholson",20
"184","Matthew Johansson",20
"185","Minnie Kilmer",20
"186","Kenneth Pesci",20
"187","Fay Kilmer",20
"188","Christopher Berry",20
"189","Rita Reynolds",20
"190","Thora Temple",20
"191","Russell Close",19
"192","Cameron Wray",19
"193","Penelope Guiness",19
"194","Sandra Peck",19
"195","Sissy Sobieski",18
"196","Adam Grant",18
"197","Julia Zellweger",16
"198","Julia Fawcett",15
"199","Judy Dean",15
"200","Emily Dee",14
